WD EID,Emp Name,7/8/2026_Answered,7/8/2026_AHT,7/9/2026_Answered,7/9/2026_AHT,7/10/2026_Answered,7/10/2026_AHT,7/11/2026_Answered,7/11/2026_AHT,7/12/2026_Answered,7/12/2026_AHT,7/13/2026_Answered,7/13/2026_AHT,7/14/2026_Answered,7/14/2026_AHT,7/15/2026_Answered,7/15/2026_AHT,7/16/2026_Answered,7/16/2026_AHT,7/17/2026_Answered,7/17/2026_AHT,7/18/2026_Answered,7/18/2026_AHT,7/19/2026_Answered,7/19/2026_AHT,7/20/2026_Answered,7/20/2026_AHT,7/21/2026_Answered,7/21/2026_AHT,7/22/2026_Answered,7/22/2026_AHT,Total Answered,Total AHT
102496670,Dieu Tien,40,357,,,,75,359,80,338,83,323,53,381,90,298,90,295,,,,89,298,88,301,75,355,92,304,1139,338
102496681,Nguyen Thi Phuong Thuy Nguyen,52,406,86,271,57,463,3,740,,,,78,299,77,335,61,432,66,389,72,370,3,687,,,,66,360,65,400,80,323,1164,349
102845218,Nguyen Ngoc Anh Thu,,,,,,23,594,44,588,49,530,45,582,52,517,,,,57,443,47,557,60,431,61,421,57,461,,748,507
102893381,Vu Van Khang,36,193,53,177,72,199,,,,12,148,16,208,33,151,12,200,15,173,16,174,,,,95,211,51,195,68,228,526,195
103193904,Vuong Hoang Bao,11,723,57,373,4,1265,,,,15,719,,,,51,500,19,491,47,559,55,365,52,412,,,,73,358,595,460
103222889,Le Hau,72,277,79,309,10,309,,,,62,376,88,302,87,302,84,310,81,336,8,297,,,,83,276,77,349,10,315,79,291,1201,322
103286054,Nguyen Y Bao Han,19,180,,,,88,257,91,282,84,310,104,247,81,321,11,276,,,,99,234,97,258,10,266,61,376,83,310,12,245,1214,286
103293621,Nguyen Tran Anh Tu,44,300,28,344,49,371,,,,,,43,484,9,546,5,347,10,281,8,508,,,,,,,,27,377,300,396
103304193,Truong Thi Thanh Tam,73,368,57,329,,,,64,410,70,385,71,322,66,407,,,,,,,,73,367,66,399,67,401,770,392
103309812,Tran Hoang Anh,57,460,41,522,52,518,,,,56,464,54,440,27,529,,,,47,567,,,,61,425,52,523,54,487,787,468
103310980,Nguyen Thuy Duong,,,,97,235,69,371,68,265,,,,63,359,11,340,,,,,,,,23,603,58,362,10,732,,738,364
103311553,Tran Duc Binh,60,449,,,,,,,,50,531,65,404,60,375,38,588,,,,65,403,56,478,63,418,55,437,60,439,874,432
103324502,Tran Nguyen Hoang Trieu,35,742,,,,37,710,47,557,36,752,42,550,41,612,,,,17,830,39,676,36,716,36,707,40,629,,,609,663
103338101,Le Phi Hoang,,,,,,57,448,20,432,75,345,,,,52,340,68,327,86,302,33,501,45,283,,,,77,335,68,348,829,358
103338297,Cao Minh Hoang,,,,,,80,345,70,388,47,423,65,444,71,381,70,391,,,,68,411,72,381,64,428,78,352,64,432,1179,389
103345473,Nguyen Duc Thuan,,,,29,375,38,381,37,372,49,371,25,478,,,,67,393,63,447,63,404,,,,,,,,530,399
103431523,Tran Thanh Viet Ha,69,393,71,371,72,365,75,350,59,446,,,,69,382,59,459,70,365,65,405,50,527,,,,60,454,1034,409
103455199,Nguyen Tran Khuong Duy,68,293,2,176,,,,30,320,60,357,33,384,6,349,21,403,11,626,,,,36,420,37,360,32,469,46,311,40,458,592,380
103455202,Huynh Le Thuy Thanh,62,348,38,374,,,,78,305,28,224,63,313,47,288,62,305,1,1091,,,,23,280,56,380,69,345,49,477,908,340
103455211,Vo Truong Trong Tin,,,,51,352,64,390,63,415,44,274,3,222,,,,63,415,60,366,63,373,63,414,63,409,,,777,376
103455214,Nguyen Ngoc My Kim,91,271,77,224,1,1186,,,,74,358,92,259,70,227,72,320,12,512,1,997,,,,82,311,87,302,85,295,77,346,1195,307
103456015,Nguyen Ngoc Thanh Tam,56,386,63,372,65,392,12,341,,,,58,399,64,412,64,422,69,369,74,360,7,427,,,,56,412,72,367,64,407,995,387
103471626,Nguyen Ho Minh Dai,32,543,,,,,,58,400,47,406,12,389,62,403,6,399,26,573,3,1338,,,,,,,,,,271,458
103477971,Nguyen Ngoc Quynh Giang,,,,66,383,68,345,57,390,70,358,66,383,,,,70,366,67,374,74,348,72,363,64,393,,,875,371
103477990,Le Duy Thu Huyen,48,551,48,545,47,565,49,541,22,581,,,,49,528,51,511,47,535,26,483,55,471,50,522,53,485,51,504,745,523
Grand Total,,925,380,943,332,953,396,799,391,1065,398,1088,361,1034,369,936,382,849,380,791,411,777,393,863,397,1211,381,1044,380,1085,378,20595,385