Employee ID,Employee Name,6/6/2026,6/7/2026,6/8/2026,6/9/2026,6/10/2026,6/11/2026,6/12/2026,6/13/2026,6/14/2026,6/15/2026,6/16/2026,6/17/2026,6/18/2026,6/19/2026,6/20/2026,6/21/2026,6/22/2026,6/23/2026,6/24/2026,6/25/2026,6/26/2026,6/27/2026,6/28/2026,6/29/2026,6/30/2026,7/1/2026,7/2/2026,7/3/2026,7/4/2026,7/5/2026,7/6/2026,7/7/2026,7/8/2026,7/9/2026,7/10/2026,7/11/2026,7/12/2026,7/13/2026,7/14/2026,7/15/2026,7/16/2026,7/17/2026,7/18/2026,7/19/2026,7/20/2026,7/21/2026,7/22/2026,7/23/2026,7/24/2026,7/25/2026,7/26/2026,7/27/2026,7/28/2026,7/29/2026,7/30/2026,7/31/2026,8/1/2026,8/2/2026
102496670,Dieu Tien,06:00-15:00,06:00-15:00,HAL_UP,06:00-15:00,WO-WO,WO-WO,06:00-15:00,06:00-15:00,06:00-15:00,06:00-15:00,06:00-15:00,WO-WO,WO-WO,06:00-15:00,FAL_UP,06:00-15:00,06:00-15:00,WO-WO,WO-WO,06:00-15:00,06:00-15:00,06:00-15:00,06:00-15:00,06:00-15:00,06:00-15:00,WO-WO,WO-WO,FAL_UP,06:00-15:00,06:00-15:00,11:00-20:00,11:00-20:00,HAL_UP,WO-WO,WO-WO,11:00-20:00,11:00-20:00,11:00-20:00,11:00-20:00,11:00-20:00,11:00-20:00,WO-WO,WO-WO,11:00-20:00,11:00-20:00,11:00-20:00,11:00-20:00,11:00-20:00,WO-WO,WO-WO,FAL_P,11:00-20:00,11:00-20:00,11:00-20:00,11:00-20:00,WO-WO,WO-WO,11:00-20:00
102496681,Nguyen Thi Phuong Thuy Nguyen,WO-WO,WO-WO,11:00-20:00,11:00-20:00,11:00-20:00,11:00-20:00,11:00-20:00,WO-WO,WO-WO,11:00-20:00,11:00-20:00,11:00-20:00,11:00-20:00,11:00-20:00,WO-WO,WO-WO,11:00-20:00,11:00-20:00,11:00-20:00,WO-WO,WO-WO,11:00-20:00,HAL_UP,11:00-20:00,11:00-20:00,11:00-20:00,11:00-20:00,11:00-20:00,WO-WO,WO-WO,21:00-06:00,21:00-06:00,21:00-06:00,21:00-06:00,21:00-06:00,WO-WO,WO-WO,21:00-06:00,21:00-06:00,21:00-06:00,21:00-06:00,21:00-06:00,WO-WO,WO-WO,21:00-06:00,21:00-06:00,21:00-06:00,21:00-06:00,21:00-06:00,WO-WO,WO-WO,21:00-06:00,21:00-06:00,21:00-06:00,21:00-06:00,21:00-06:00,WO-WO,WO-WO
102845218,Nguyen Ngoc Anh Thu,11:00-20:00,11:00-20:00,11:00-20:00,11:00-20:00,11:00-20:00,WO-WO,WO-WO,FAL_P,11:00-20:00,11:00-20:00,11:00-20:00,11:00-20:00,WO-WO,WO-WO,HAL_P,11:00-20:00,11:00-20:00,11:00-20:00,11:00-20:00,11:00-20:00,11:00-20:00,WO-WO,WO-WO,11:00-20:00,11:00-20:00,11:00-20:00,WO-WO,WO-WO,11:00-20:00,11:00-20:00,12:00-21:00,12:00-21:00,WO-WO,WO-WO,HAL_UP,12:00-21:00,12:00-21:00,12:00-21:00,12:00-21:00,WO-WO,WO-WO,12:00-21:00,12:00-21:00,12:00-21:00,12:00-21:00,12:00-21:00,WO-WO,WO-WO,12:00-21:00,12:00-21:00,12:00-21:00,12:00-21:00,12:00-21:00,WO-WO,WO-WO,12:00-21:00,12:00-21:00,12:00-21:00
102893381,Vu Van Khang,21:00-06:00,WO-WO,WO-WO,21:00-06:00,21:00-06:00,21:00-06:00,21:00-06:00,21:00-06:00,WO-WO,WO-WO,21:00-06:00,21:00-06:00,21:00-06:00,21:00-06:00,21:00-06:00,WO-WO,WO-WO,21:00-06:00,21:00-06:00,21:00-06:00,21:00-06:00,21:00-06:00,WO-WO,WO-WO,21:00-06:00,21:00-06:00,21:00-06:00,21:00-06:00,21:00-06:00,WO-WO,21:00-06:00,21:00-06:00,21:00-06:00,21:00-06:00,21:00-06:00,WO-WO,WO-WO,21:00-06:00,21:00-06:00,21:00-06:00,21:00-06:00,21:00-06:00,WO-WO,WO-WO,21:00-06:00,21:00-06:00,21:00-06:00,21:00-06:00,21:00-06:00,WO-WO,WO-WO,21:00-06:00,21:00-06:00,21:00-06:00,21:00-06:00,21:00-06:00,WO-WO,WO-WO
102972298,Nguyen Thi Bich Ngan,06:00-15:00,06:00-15:00,06:00-15:00,WO-WO,WO-WO,06:00-15:00,06:00-15:00,06:00-15:00,06:00-15:00,06:00-15:00,WO-WO,WO-WO,FAB_UP,06:00-15:00,06:00-15:00,06:00-15:00,06:00-15:00,06:00-15:00,WO-WO,WO-WO,FAL_P,FAL_P,FAL_P,FAL_P,WO-WO,WO-WO,06:00-15:00,06:00-15:00,06:00-15:00,06:00-15:00,,,,,,,,,,,,,,,,,,,,,,,,,,,,
103193904,Vuong Hoang Bao,21:00-06:00,21:00-06:00,HAL_UP,21:00-06:00,21:00-06:00,WO-WO,WO-WO,21:00-06:00,FAB_UP,21:00-06:00,21:00-06:00,21:00-06:00,WO-WO,WO-WO,21:00-06:00,FAB_UP,FAB_UP,21:00-06:00,21:00-06:00,WO-WO,WO-WO,21:00-06:00,21:00-06:00,21:00-06:00,21:00-06:00,21:00-06:00,WO-WO,WO-WO,FAL_UP,21:00-06:00,21:00-06:00,21:00-06:00,FAB_UP,21:00-06:00,WO-WO,WO-WO,21:00-06:00,WO-WO,WO-WO,06:00-15:00,06:00-15:00,06:00-15:00,06:00-15:00,06:00-15:00,WO-WO,WO-WO,06:00-15:00,06:00-15:00,06:00-15:00,06:00-15:00,06:00-15:00,WO-WO,WO-WO,06:00-15:00,06:00-15:00,06:00-15:00,06:00-15:00,06:00-15:00
103222889,Le Hau,21:00-06:00,21:00-06:00,21:00-06:00,21:00-06:00,21:00-06:00,21:00-06:00,WO-WO,WO-WO,21:00-06:00,21:00-06:00,21:00-06:00,21:00-06:00,21:00-06:00,WO-WO,WO-WO,21:00-06:00,21:00-06:00,FAL_UP,FAL_UP,FAL_UP,WO-WO,WO-WO,21:00-06:00,21:00-06:00,21:00-06:00,21:00-06:00,21:00-06:00,WO-WO,WO-WO,21:00-06:00,21:00-06:00,21:00-06:00,21:00-06:00,21:00-06:00,WO-WO,WO-WO,21:00-06:00,21:00-06:00,21:00-06:00,21:00-06:00,21:00-06:00,WO-WO,WO-WO,21:00-06:00,21:00-06:00,21:00-06:00,21:00-06:00,21:00-06:00,WO-WO,WO-WO,21:00-06:00,21:00-06:00,21:00-06:00,21:00-06:00,21:00-06:00,WO-WO,WO-WO,21:00-06:00
103286054,Nguyen Y Bao Han,21:00-06:00,21:00-06:00,21:00-06:00,21:00-06:00,WO-WO,WO-WO,21:00-06:00,21:00-06:00,21:00-06:00,21:00-06:00,FAL_P,WO-WO,WO-WO,FAL_P,FAL_UP,21:00-06:00,21:00-06:00,21:00-06:00,WO-WO,WO-WO,21:00-06:00,21:00-06:00,21:00-06:00,21:00-06:00,21:00-06:00,WO-WO,WO-WO,21:00-06:00,21:00-06:00,21:00-06:00,21:00-06:00,21:00-06:00,WO-WO,WO-WO,21:00-06:00,21:00-06:00,21:00-06:00,21:00-06:00,21:00-06:00,WO-WO,WO-WO,21:00-06:00,21:00-06:00,FAL_UP,21:00-06:00,21:00-06:00,WO-WO,WO-WO,21:00-06:00,21:00-06:00,21:00-06:00,21:00-06:00,21:00-06:00,WO-WO,WO-WO,FAL_P,21:00-06:00,21:00-06:00
103293621,Nguyen Tran Anh Tu,11:00-20:00,11:00-20:00,WO-WO,WO-WO,11:00-20:00,11:00-20:00,11:00-20:00,21:00-06:00,21:00-06:00,FAL_UP,21:00-06:00,21:00-06:00,21:00-06:00,21:00-06:00,WO-WO,WO-WO,21:00-06:00,21:00-06:00,21:00-06:00,21:00-06:00,21:00-06:00,WO-WO,WO-WO,21:00-06:00,21:00-06:00,21:00-06:00,21:00-06:00,21:00-06:00,WO-WO,WO-WO,WO-WO,21:00-06:00,21:00-06:00,21:00-06:00,21:00-06:00,FAL_UP,WO-WO,WO-WO,21:00-06:00,21:00-06:00,21:00-06:00,FAL_UP,21:00-06:00,WO-WO,WO-WO,21:00-06:00,21:00-06:00,21:00-06:00,21:00-06:00,21:00-06:00,WO-WO,WO-WO,21:00-06:00,21:00-06:00,21:00-06:00,21:00-06:00,21:00-06:00,WO-WO
103304193,Truong Thi Thanh Tam,06:00-15:00,06:00-15:00,06:00-15:00,06:00-15:00,06:00-15:00,WO-WO,WO-WO,06:00-15:00,06:00-15:00,06:00-15:00,06:00-15:00,06:00-15:00,WO-WO,WO-WO,06:00-15:00,HAL_UP,06:00-15:00,06:00-15:00,06:00-15:00,WO-WO,WO-WO,06:00-15:00,06:00-15:00,06:00-15:00,06:00-15:00,FAL_UP,WO-WO,WO-WO,FAL_P,06:00-15:00,06:00-15:00,06:00-15:00,06:00-15:00,06:00-15:00,WO-WO,WO-WO,06:00-15:00,06:00-15:00,06:00-15:00,06:00-15:00,FSL_UP,FSL_UP,WO-WO,WO-WO,06:00-15:00,06:00-15:00,06:00-15:00,06:00-15:00,06:00-15:00,WO-WO,WO-WO,06:00-15:00,06:00-15:00,06:00-15:00,06:00-15:00,06:00-15:00,WO-WO,WO-WO
103309812,Tran Hoang Anh,WO-WO,WO-WO,HAL_UP,11:00-20:00,11:00-20:00,11:00-20:00,11:00-20:00,WO-WO,WO-WO,11:00-20:00,11:00-20:00,11:00-20:00,11:00-20:00,11:00-20:00,WO-WO,WO-WO,HAL_UP,HAL_UP,11:00-20:00,11:00-20:00,11:00-20:00,WO-WO,WO-WO,11:00-20:00,11:00-20:00,11:00-20:00,11:00-20:00,11:00-20:00,WO-WO,WO-WO,06:00-15:00,06:00-15:00,06:00-15:00,06:00-15:00,06:00-15:00,WO-WO,WO-WO,06:00-15:00,06:00-15:00,HAL_UP,FSL_UP,06:00-15:00,WO-WO,WO-WO,06:00-15:00,06:00-15:00,06:00-15:00,06:00-15:00,06:00-15:00,WO-WO,WO-WO,06:00-15:00,06:00-15:00,06:00-15:00,06:00-15:00,06:00-15:00,WO-WO,WO-WO
103310980,Nguyen Thuy Duong,21:00-06:00,21:00-06:00,WO-WO,WO-WO,21:00-06:00,HAL_UP,21:00-06:00,FSL_UP,FSL_UP,WO-WO,WO-WO,FSL_UP,FSL_UP,21:00-06:00,21:00-06:00,21:00-06:00,WO-WO,WO-WO,21:00-06:00,21:00-06:00,21:00-06:00,21:00-06:00,21:00-06:00,WO-WO,WO-WO,HAL_UP,21:00-06:00,21:00-06:00,21:00-06:00,21:00-06:00,HAL_UP,WO-WO,WO-WO,21:00-06:00,21:00-06:00,21:00-06:00,FAL_UP,21:00-06:00,WO-WO,WO-WO,FSL_UP,FSL_UP,FAL_UP,21:00-06:00,21:00-06:00,WO-WO,WO-WO,21:00-06:00,21:00-06:00,21:00-06:00,21:00-06:00,21:00-06:00,WO-WO,WO-WO,21:00-06:00,21:00-06:00,21:00-06:00,21:00-06:00
103311553,Tran Duc Binh,06:00-15:00,06:00-15:00,06:00-15:00,06:00-15:00,06:00-15:00,WO-WO,WO-WO,06:00-15:00,06:00-15:00,06:00-15:00,06:00-15:00,06:00-15:00,WO-WO,WO-WO,06:00-15:00,06:00-15:00,06:00-15:00,06:00-15:00,06:00-15:00,WO-WO,WO-WO,06:00-15:00,06:00-15:00,06:00-15:00,06:00-15:00,06:00-15:00,WO-WO,WO-WO,06:00-15:00,06:00-15:00,06:00-15:00,06:00-15:00,06:00-15:00,WO-WO,WO-WO,FAL_UP,06:00-15:00,06:00-15:00,06:00-15:00,06:00-15:00,WO-WO,WO-WO,06:00-15:00,06:00-15:00,06:00-15:00,06:00-15:00,06:00-15:00,WO-WO,WO-WO,06:00-15:00,06:00-15:00,06:00-15:00,06:00-15:00,06:00-15:00,WO-WO,WO-WO,06:00-15:00,06:00-15:00
103324502,Tran Nguyen Hoang Trieu,11:00-20:00,WO-WO,WO-WO,11:00-20:00,11:00-20:00,11:00-20:00,11:00-20:00,11:00-20:00,WO-WO,WO-WO,11:00-20:00,11:00-20:00,11:00-20:00,11:00-20:00,11:00-20:00,WO-WO,WO-WO,11:00-20:00,11:00-20:00,11:00-20:00,11:00-20:00,HAL_UP,WO-WO,WO-WO,11:00-20:00,11:00-20:00,11:00-20:00,11:00-20:00,11:00-20:00,WO-WO,11:00-20:00,11:00-20:00,WO-WO,WO-WO,11:00-20:00,11:00-20:00,11:00-20:00,11:00-20:00,11:00-20:00,WO-WO,WO-WO,HAL_UP,11:00-20:00,11:00-20:00,11:00-20:00,11:00-20:00,WO-WO,WO-WO,11:00-20:00,11:00-20:00,11:00-20:00,11:00-20:00,11:00-20:00,WO-WO,WO-WO,11:00-20:00,11:00-20:00,11:00-20:00
103338101,Le Phi Hoang,12:00-21:00,WO-WO,12:00-21:00,12:00-21:00,12:00-21:00,12:00-21:00,12:00-21:00,WO-WO,WO-WO,12:00-21:00,12:00-21:00,12:00-21:00,12:00-21:00,WO-WO,WO-WO,11:00-20:00,12:00-21:00,12:00-21:00,12:00-21:00,12:00-21:00,12:00-21:00,WO-WO,WO-WO,12:00-21:00,12:00-21:00,12:00-21:00,12:00-21:00,12:00-21:00,WO-WO,WO-WO,12:00-21:00,12:00-21:00,WO-WO,WO-WO,12:00-21:00,HAL_UP,12:00-21:00,WO-WO,12:00-21:00,12:00-21:00,12:00-21:00,12:00-21:00,HAL_UP,WO-WO,WO-WO,12:00-21:00,12:00-21:00,12:00-21:00,12:00-21:00,12:00-21:00,WO-WO,WO-WO,12:00-21:00,12:00-21:00,12:00-21:00,12:00-21:00,12:00-21:00,WO-WO
103338297,Cao Minh Hoang,11:00-20:00,11:00-20:00,11:00-20:00,WO-WO,WO-WO,11:00-20:00,11:00-20:00,11:00-20:00,11:00-20:00,11:00-20:00,WO-WO,WO-WO,11:00-20:00,11:00-20:00,11:00-20:00,11:00-20:00,11:00-20:00,WO-WO,WO-WO,11:00-20:00,11:00-20:00,11:00-20:00,11:00-20:00,11:00-20:00,WO-WO,WO-WO,11:00-20:00,11:00-20:00,11:00-20:00,11:00-20:00,11:00-20:00,11:00-20:00,WO-WO,WO-WO,11:00-20:00,11:00-20:00,11:00-20:00,11:00-20:00,11:00-20:00,11:00-20:00,WO-WO,WO-WO,11:00-20:00,11:00-20:00,11:00-20:00,11:00-20:00,11:00-20:00,WO-WO,WO-WO,11:00-20:00,11:00-20:00,11:00-20:00,11:00-20:00,11:00-20:00,WO-WO,WO-WO,11:00-20:00,11:00-20:00
103345473,Nguyen Duc Thuan,11:00-20:00,11:00-20:00,11:00-20:00,11:00-20:00,WO-WO,WO-WO,11:00-20:00,11:00-20:00,HAL_UP,11:00-20:00,11:00-20:00,WO-WO,WO-WO,11:00-20:00,11:00-20:00,11:00-20:00,11:00-20:00,11:00-20:00,WO-WO,WO-WO,11:00-20:00,11:00-20:00,11:00-20:00,11:00-20:00,11:00-20:00,WO-WO,WO-WO,11:00-20:00,11:00-20:00,11:00-20:00,11:00-20:00,WO-WO,WO-WO,11:00-20:00,11:00-20:00,11:00-20:00,11:00-20:00,11:00-20:00,WO-WO,WO-WO,11:00-20:00,11:00-20:00,11:00-20:00,FAL_UP,FAL_UP,WO-WO,WO-WO,11:00-20:00,11:00-20:00,11:00-20:00,11:00-20:00,11:00-20:00,WO-WO,WO-WO,11:00-20:00,11:00-20:00,11:00-20:00,11:00-20:00
103431523,Tran Thanh Viet Ha,11:00-20:00,11:00-20:00,WO-WO,WO-WO,11:00-20:00,11:00-20:00,11:00-20:00,11:00-20:00,11:00-20:00,WO-WO,WO-WO,11:00-20:00,11:00-20:00,11:00-20:00,11:00-20:00,11:00-20:00,WO-WO,WO-WO,11:00-20:00,11:00-20:00,11:00-20:00,11:00-20:00,11:00-20:00,WO-WO,WO-WO,11:00-20:00,11:00-20:00,11:00-20:00,11:00-20:00,11:00-20:00,WO-WO,WO-WO,11:00-20:00,11:00-20:00,11:00-20:00,11:00-20:00,11:00-20:00,WO-WO,WO-WO,11:00-20:00,11:00-20:00,11:00-20:00,11:00-20:00,11:00-20:00,WO-WO,WO-WO,11:00-20:00,11:00-20:00,11:00-20:00,11:00-20:00,11:00-20:00,WO-WO,WO-WO,11:00-20:00,11:00-20:00,11:00-20:00,11:00-20:00,11:00-20:00
103455199,Nguyen Tran Khuong Duy,12:00-21:00,12:00-21:00,12:00-21:00,12:00-21:00,12:00-21:00,FAL_UP,WO-WO,WO-WO,12:00-21:00,12:00-21:00,12:00-21:00,12:00-21:00,12:00-21:00,WO-WO,WO-WO,12:00-21:00,12:00-21:00,12:00-21:00,12:00-21:00,12:00-21:00,WO-WO,WO-WO,12:00-21:00,12:00-21:00,12:00-21:00,12:00-21:00,12:00-21:00,WO-WO,WO-WO,12:00-21:00,FAL_UP,21:00-06:00,21:00-06:00,WO-WO,WO-WO,21:00-06:00,21:00-06:00,21:00-06:00,21:00-06:00,21:00-06:00,WO-WO,WO-WO,21:00-06:00,21:00-06:00,21:00-06:00,21:00-06:00,21:00-06:00,WO-WO,WO-WO,21:00-06:00,21:00-06:00,21:00-06:00,21:00-06:00,21:00-06:00,WO-WO,WO-WO,21:00-06:00,21:00-06:00
103455202,Huynh Le Thuy Thanh,WO-WO,FAL_P,FAL_UP,FAL_UP,12:00-21:00,12:00-21:00,WO-WO,WO-WO,12:00-21:00,12:00-21:00,12:00-21:00,12:00-21:00,12:00-21:00,WO-WO,WO-WO,12:00-21:00,12:00-21:00,12:00-21:00,12:00-21:00,06:00-15:00,WO-WO,WO-WO,12:00-21:00,12:00-21:00,12:00-21:00,12:00-21:00,12:00-21:00,WO-WO,WO-WO,12:00-21:00,12:00-21:00,12:00-21:00,12:00-21:00,HAL_UP,WO-WO,WO-WO,12:00-21:00,12:00-21:00,12:00-21:00,12:00-21:00,12:00-21:00,WO-WO,WO-WO,12:00-21:00,12:00-21:00,12:00-21:00,12:00-21:00,12:00-21:00,WO-WO,WO-WO,12:00-21:00,12:00-21:00,FAL_P,12:00-21:00,12:00-21:00,WO-WO,WO-WO,12:00-21:00
103455211,Vo Truong Trong Tin,11:00-20:00,11:00-20:00,11:00-20:00,WO-WO,WO-WO,11:00-20:00,11:00-20:00,11:00-20:00,FAL_UP,11:00-20:00,WO-WO,WO-WO,11:00-20:00,11:00-20:00,11:00-20:00,11:00-20:00,11:00-20:00,WO-WO,WO-WO,11:00-20:00,11:00-20:00,11:00-20:00,11:00-20:00,11:00-20:00,WO-WO,WO-WO,11:00-20:00,11:00-20:00,11:00-20:00,11:00-20:00,HAL_UP,WO-WO,WO-WO,06:00-15:00,06:00-15:00,06:00-15:00,06:00-15:00,06:00-15:00,WO-WO,WO-WO,06:00-15:00,06:00-15:00,06:00-15:00,06:00-15:00,06:00-15:00,WO-WO,WO-WO,06:00-15:00,06:00-15:00,06:00-15:00,06:00-15:00,06:00-15:00,WO-WO,WO-WO,06:00-15:00,06:00-15:00,11:00-20:00,06:00-15:00
103455214,Nguyen Ngoc My Kim,06:00-15:00,WO-WO,06:00-15:00,06:00-15:00,06:00-15:00,06:00-15:00,06:00-15:00,WO-WO,WO-WO,06:00-15:00,06:00-15:00,06:00-15:00,06:00-15:00,FAL_UP,WO-WO,WO-WO,06:00-15:00,06:00-15:00,06:00-15:00,HAL_UP,06:00-15:00,WO-WO,WO-WO,11:00-20:00,06:00-15:00,06:00-15:00,06:00-15:00,06:00-15:00,WO-WO,WO-WO,06:00-15:00,06:00-15:00,06:00-15:00,06:00-15:00,WO-WO,WO-WO,06:00-15:00,06:00-15:00,06:00-15:00,06:00-15:00,FAL_UP,WO-WO,WO-WO,06:00-15:00,06:00-15:00,06:00-15:00,06:00-15:00,06:00-15:00,WO-WO,WO-WO,06:00-15:00,06:00-15:00,06:00-15:00,06:00-15:00,06:00-15:00,WO-WO,WO-WO,06:00-15:00
103456015,Nguyen Ngoc Thanh Tam,WO-WO,WO-WO,21:00-06:00,21:00-06:00,21:00-06:00,21:00-06:00,21:00-06:00,WO-WO,WO-WO,21:00-06:00,21:00-06:00,21:00-06:00,21:00-06:00,21:00-06:00,WO-WO,WO-WO,21:00-06:00,21:00-06:00,21:00-06:00,21:00-06:00,21:00-06:00,WO-WO,WO-WO,21:00-06:00,21:00-06:00,21:00-06:00,21:00-06:00,FAL_UP,WO-WO,WO-WO,21:00-06:00,21:00-06:00,21:00-06:00,21:00-06:00,21:00-06:00,WO-WO,WO-WO,21:00-06:00,21:00-06:00,21:00-06:00,21:00-06:00,21:00-06:00,WO-WO,WO-WO,21:00-06:00,21:00-06:00,21:00-06:00,21:00-06:00,21:00-06:00,WO-WO,WO-WO,21:00-06:00,21:00-06:00,21:00-06:00,21:00-06:00,21:00-06:00,WO-WO,WO-WO
103471626,Nguyen Ho Minh Dai,21:00-06:00,21:00-06:00,21:00-06:00,21:00-06:00,WO-WO,WO-WO,21:00-06:00,21:00-06:00,21:00-06:00,HAL_UP,21:00-06:00,WO-WO,WO-WO,21:00-06:00,21:00-06:00,FAL_UP,21:00-06:00,21:00-06:00,WO-WO,WO-WO,21:00-06:00,FAB_UP,21:00-06:00,FAB_UP,21:00-06:00,WO-WO,WO-WO,FAB_UP,21:00-06:00,21:00-06:00,21:00-06:00,HAB_UP,21:00-06:00,WO-WO,WO-WO,21:00-06:00,21:00-06:00,21:00-06:00,21:00-06:00,21:00-06:00,21:00-06:00,WO-WO,,,,,,,,,,,,,,,,
103477971,Nguyen Ngoc Quynh Giang,FAL_UP,WO-WO,11:00-20:00,11:00-20:00,11:00-20:00,11:00-20:00,11:00-20:00,WO-WO,WO-WO,11:00-20:00,11:00-20:00,11:00-20:00,11:00-20:00,11:00-20:00,WO-WO,WO-WO,11:00-20:00,11:00-20:00,11:00-20:00,11:00-20:00,11:00-20:00,WO-WO,WO-WO,11:00-20:00,11:00-20:00,11:00-20:00,11:00-20:00,11:00-20:00,WO-WO,WO-WO,FAL_P,WO-WO,WO-WO,11:00-20:00,11:00-20:00,11:00-20:00,11:00-20:00,11:00-20:00,WO-WO,WO-WO,11:00-20:00,11:00-20:00,11:00-20:00,11:00-20:00,11:00-20:00,WO-WO,WO-WO,11:00-20:00,11:00-20:00,11:00-20:00,11:00-20:00,11:00-20:00,WO-WO,WO-WO,11:00-20:00,11:00-20:00,11:00-20:00,11:00-20:00
103477990,Le Duy Thu Huyen,11:00-20:00,WO-WO,11:00-20:00,11:00-20:00,11:00-20:00,11:00-20:00,FAL_UP,WO-WO,WO-WO,11:00-20:00,11:00-20:00,11:00-20:00,11:00-20:00,11:00-20:00,WO-WO,WO-WO,11:00-20:00,11:00-20:00,11:00-20:00,11:00-20:00,11:00-20:00,WO-WO,WO-WO,11:00-20:00,11:00-20:00,11:00-20:00,11:00-20:00,11:00-20:00,WO-WO,WO-WO,WO-WO,WO-WO,11:00-20:00,11:00-20:00,11:00-20:00,11:00-20:00,HAL_UP,WO-WO,WO-WO,11:00-20:00,11:00-20:00,11:00-20:00,HAL_UP,11:00-20:00,06:00-15:00,06:00-15:00,06:00-15:00,06:00-15:00,06:00-15:00,WO-WO,WO-WO,06:00-15:00,06:00-15:00,06:00-15:00,06:00-15:00,06:00-15:00,WO-WO,WO-WO